,pred_0,pred_1,class_Acc
true_0,46692.0,8221.0,0.8502904594540455
true_1,16624.0,46773.0,0.7377793901919649
